summary,Year,NA_Sales,EU_Sales,JP_Sales,Other_Sales,Global_Sales
count,16326,16326,16326,16326,16326,16326
mean,2006.4061006982727,0.2654312140144624,0.1475627832904554,0.07866593164277574,0.04832843317407431,0.540263996079893
stddev,5.828995234500227,0.821613387366807,0.5087801417688417,0.31156591548688567,0.189890866205779,1.565774343992414
min,1980,0.0,0.0,0.0,0.0,0.01
max,2020,41.49,29.02,10.22,10.57,82.74
